DMA,2025-01-01,2025-02-01,2025-03-01,2025-04-01,2025-05-01,2025-06-01,2025-07-01,2025-08-01,2025-09-01,2025-10-01,2025-11-01,2025-12-01,2026-02-01,2026-03-01,2026-04-01,2026-05-01,2026-06-01,2026-07-01
"Atlanta, GA",654698.0,611214.0,917368.0,750700.0,1044682.0,775538.0,878744.0,1067752.0,705671.0,811182.0,1181969.0,1256400.0,735373.0,830749.0,638550.0,0.0,0.0,0.0
"Baltimore, MD",290788.0,259127.0,389697.0,331376.0,419895.0,351789.0,346510.0,488900.0,313974.0,349646.0,530767.0,562938.0,309708.0,363813.0,267459.0,0.0,0.0,0.0
"Boston, MA (Manchester, NH)",483438.0,459957.0,739490.0,645682.0,824922.0,690393.0,704278.0,947690.0,664828.0,688860.0,1022502.0,976258.0,561785.0,646780.0,496012.0,0.0,0.0,0.0
"Buffalo, NY",63907.0,59957.0,92793.0,70080.0,92039.0,78460.0,75978.0,97065.0,66832.0,67489.0,95917.0,87675.0,54034.0,62443.0,44598.0,0.0,0.0,0.0
"Charlotte, NC",286829.0,287391.0,468263.0,397692.0,510929.0,411185.0,422294.0,589747.0,381311.0,403446.0,561327.0,670970.0,382057.0,417962.0,306669.0,0.0,0.0,0.0
"Chicago, IL",1001342.0,916578.0,1436776.0,1164191.0,1530640.0,1251991.0,1253574.0,1731674.0,1155521.0,1174794.0,1848083.0,2005642.0,1168097.0,1256885.0,925681.0,0.0,0.0,0.0
"Cincinnati, OH",122743.0,121499.0,196008.0,155058.0,204834.0,157904.0,167385.0,243984.0,157472.0,171470.0,249388.0,246733.0,149607.0,168417.0,123148.0,0.0,0.0,0.0
"Cleveland-Akron (Canton), OH",141316.0,155529.0,258943.0,198327.0,256086.0,203305.0,210196.0,322162.0,197269.0,213076.0,309307.0,328607.0,199444.0,219864.0,156552.0,0.0,0.0,0.0
Columbus OH,0.0,0.0,0.0,0.0,0.0,0.0,0.0,0.0,0.0,0.0,0.0,0.0,0.0,0.0,0.0,0.0,0.0,0.0
"Dallas-Ft. Worth, TX",895077.0,769800.0,1208507.0,960207.0,1296101.0,1004952.0,1093294.0,1499092.0,961418.0,1023404.0,1591968.0,1765235.0,938441.0,1069178.0,755698.0,0.0,0.0,0.0
"Detroit, MI",361583.0,322998.0,547512.0,452146.0,578721.0,476339.0,475630.0,704614.0,465155.0,503180.0,771492.0,750674.0,443513.0,522095.0,380995.0,0.0,0.0,0.0
"El Paso, TX (Las Cruces, NM)",286567.0,269423.0,377297.0,316120.0,405220.0,320030.0,329801.0,422942.0,358964.0,367841.0,572225.0,609991.0,331351.0,359012.0,270988.0,0.0,0.0,0.0
"Ft. Myers-Naples, FL",237740.0,199146.0,282871.0,249182.0,311490.0,232318.0,242022.0,293150.0,218537.0,237236.0,364646.0,398771.0,260427.0,259866.0,185729.0,0.0,0.0,0.0
"Harlingen, TX",0.0,0.0,0.0,0.0,0.0,0.0,0.0,0.0,0.0,0.0,0.0,0.0,0.0,0.0,0.0,0.0,0.0,0.0
"Hartford, CT",0.0,0.0,0.0,0.0,0.0,0.0,0.0,0.0,0.0,0.0,0.0,0.0,0.0,0.0,0.0,0.0,0.0,0.0
"Houston, TX",1100018.0,966153.0,1503422.0,1238869.0,1627350.0,1226344.0,1296375.0,1811575.0,1178967.0,1263927.0,1917318.0,2193919.0,1219190.0,1378125.0,950846.0,0.0,0.0,0.0
Includes Chelsea Event in April,0.0,0.0,0.0,0.0,0.0,0.0,0.0,0.0,0.0,0.0,0.0,0.0,0.0,0.0,0.0,0.0,0.0,0.0
"Las Vegas, NV",308815.0,289716.0,401404.0,321980.0,414138.0,303206.0,323536.0,432647.0,337839.0,405487.0,564565.0,607284.0,363507.0,393807.0,293622.0,0.0,0.0,0.0
"Los Angeles, CA",1654607.0,1652077.0,2287876.0,1898899.0,2427452.0,1800381.0,1860618.0,2569155.0,1772048.0,1930399.0,2855049.0,3087918.0,1814053.0,1981886.0,1452935.0,0.0,0.0,0.0
"Miami-Ft. Lauderdale, FL",1696852.0,1424346.0,1860896.0,1469825.0,2039197.0,1601205.0,1557247.0,2028265.0,1378593.0,1455640.0,2332986.0,2400752.0,1566017.0,1559208.0,1115458.0,0.0,0.0,0.0
"Minneapolis-St. Paul, MN",205516.0,235518.0,377219.0,285458.0,377061.0,303585.0,306464.0,433933.0,315062.0,315461.0,459595.0,348799.0,253681.0,333892.0,240271.0,0.0,0.0,0.0
"New York, NY",3097430.0,2818792.0,4292329.0,3626733.0,4802198.0,4192597.0,4179689.0,5230758.0,3890679.0,4213047.0,5546927.0,5465167.0,3143245.0,3754775.0,3012652.0,0.0,0.0,0.0
"Oklahoma City, OK",161172.0,145482.0,225938.0,171638.0,242959.0,166365.0,180694.0,276193.0,154814.0,166006.0,269023.0,312423.0,176114.0,181911.0,130250.0,0.0,0.0,0.0
"Orlando-Daytona Beach-Melbourne, FL",838022.0,686735.0,899032.0,711533.0,919247.0,695089.0,740199.0,1005881.0,650499.0,715771.0,1131238.0,1194038.0,766292.0,739918.0,538383.0,0.0,0.0,0.0
"Philadelphia, PA",733513.0,674545.0,1077219.0,903819.0,1160517.0,970737.0,945343.0,1272734.0,906041.0,979543.0,1430956.0,1433259.0,795257.0,938966.0,722524.0,0.0,0.0,0.0
"Phoenix (Prescott), AZ",490374.0,497271.0,729711.0,570562.0,738362.0,536138.0,655079.0,765524.0,541294.0,559334.0,813420.0,932191.0,527706.0,608990.0,447407.0,0.0,0.0,0.0
"Providence, RI-New Bedford, MA",243471.0,274124.0,418811.0,372481.0,476083.0,409535.0,383980.0,553787.0,377943.0,393196.0,572368.0,587786.0,330304.0,386182.0,290451.0,0.0,0.0,0.0
Puerto Rico,1547181.0,1430989.0,1980288.0,1606991.0,2454128.0,2018981.0,1968655.0,2202655.0,1637003.0,1781557.0,2799997.0,3087851.0,1995315.0,2260205.0,1518394.0,0.0,0.0,0.0
"Sacramento-Stockton-Modesto, CA",355954.0,364597.0,508208.0,488222.0,590717.0,468657.0,478339.0,650870.0,462585.0,538821.0,742632.0,827175.0,465425.0,517015.0,361759.0,0.0,0.0,0.0
"San Antonio, TX",438457.0,389344.0,632339.0,513146.0,644664.0,482637.0,558603.0,860302.0,536004.0,547251.0,842608.0,924927.0,526426.0,563055.0,424755.0,0.0,0.0,0.0
"San Diego, CA",269018.0,260825.0,340941.0,277732.0,356376.0,282368.0,292294.0,380793.0,267156.0,284692.0,421945.0,450688.0,255797.0,273543.0,201710.0,0.0,0.0,0.0
"Seattle-Tacoma, WA",309922.0,295299.0,435771.0,353981.0,461625.0,376494.0,380392.0,545925.0,384475.0,390372.0,536491.0,544939.0,336052.0,369366.0,265313.0,0.0,0.0,0.0
"Tampa-St. Petersburg (Sarasota), FL",710348.0,578756.0,817464.0,641625.0,822105.0,615613.0,641672.0,784627.0,520930.0,585819.0,949391.0,1015564.0,626261.0,642015.0,459780.0,0.0,0.0,0.0
"Washington, DC (Hagerstown, MD)",574076.0,552297.0,874047.0,747952.0,974175.0,807219.0,800107.0,1078122.0,712952.0,795082.0,1118489.0,1152821.0,652806.0,743803.0,581058.0,0.0,0.0,0.0
"West Palm Beach, FL",0.0,0.0,0.0,0.0,0.0,0.0,0.0,0.0,0.0,0.0,0.0,0.0,0.0,0.0,0.0,0.0,0.0,0.0
