DMA,Pre_Monthly_Spend_Mean,Pre_Total_Spend,Pre_Month_Count,Post_Monthly_Spend_Mean,Post_Total_Spend,Post_Month_Count,Monthly_Spend_Change,Monthly_Spend_Change_Pct,Incremental_Post_Spend,Spend_Direction,Post_Spend_Share,Incremental_Traffic_Mean,Incremental_Traffic_Median,Impact_Lower_95,Impact_Upper_95,Probability_Positive,Probability_Negative,Relative_Lift_Median,Absolute_Impact,Impact_Direction,Impact_Per_Incremental_Spend_Dollar,Impact_Per_Incremental_Spend_1K,Incremental_Spend_Share,Spend_Weighted_Impact,Spend_Weighted_Relative_Lift,Spend_Change_Rank,Spend_Change_Pct_Rank,Impact_Rank,Efficiency_Rank
"Los Angeles, CA",205272.72727272726,2258000,11,416142.85714285716,2913000,7,210870.1298701299,1.0272681260280907,1476090.9090909092,Increased,0.1799147674634056,664229.6583259372,683786.0907445041,-315018.2931621385,1569172.7409266604,0.919375,0.080625,0.0692141212682729,664229.6583259372,Positive,0.44999237799995745,449.99237799995745,0.3635122125954284,119504.72452000834,0.012452642533165274,1.0,1.0,2.0,3.0
"New York, NY",452272.7272727273,4975000,11,618000.0,4326000,7,165727.2727272727,0.36643216080402,1160090.909090909,Increased,0.26718547341115434,963299.090750296,980620.5080981976,-1317675.5991951264,3151633.1959987003,0.813875,0.186125,0.0508946699534358,963299.090750296,Positive,0.8303651750061326,830.3651750061326,0.285691897821658,257379.52359865236,0.013598316485613196,2.0,3.0,1.0,2.0
"Atlanta, GA",95000.0,1045000,11,165428.57142857142,1158000,7,70428.57142857142,0.7413533834586465,492999.99999999994,Increased,0.07152121549008708,-184005.04522046543,-181964.4267233108,-800638.6472534734,441178.7427069252,0.270125,0.729875,-0.0404551715426661,184005.04522046543,Negative,-0.3732353858427291,-373.2353858427291,0.1214095417198379,-13160.264490476126,-0.0028934030415914604,3.0,2.0,6.0,5.0
"Houston, TX",146727.27272727274,1614000,11,198857.14285714287,1392000,7,52129.870129870134,0.3552841210833776,364909.09090909094,Increased,0.08597368908652955,-532485.5808857178,-520859.1306262739,-1491028.7845038178,374193.18100346526,0.12125,0.87875,-0.0724399619929648,532485.5808857178,Negative,-1.459228049263302,-1459.2280492633022,0.08986500100745518,-45779.74977412878,-0.0062279307698231735,4.0,4.0,7.0,6.0
"Chicago, IL",196636.36363636365,2163000,11,234571.42857142858,1642000,7,37935.06493506493,0.1929198864011624,265545.45454545453,Increased,0.1014143660058057,-597896.8063014693,-622452.7173240616,-1856604.3396599733,778068.8836706969,0.183375,0.816625,-0.0790686567055317,597896.8063014693,Negative,-2.2515798936378513,-2251.5798936378515,0.06539503436541518,-60635.325547959525,-0.008018697690722195,5.0,5.0,8.0,7.0
"Philadelphia, PA",164909.0909090909,1814000,11,183857.14285714287,1287000,7,18948.051948051958,0.11489998424948816,132636.3636363637,Increased,0.07948860478043357,-698524.3873778891,-708481.939948721,-1292849.3920617844,-29386.76538324634,0.021,0.979,-0.1253162963927574,698524.3873778891,Negative,-5.266462139243849,-5266.462139243849,0.032663935343766104,-55524.72895777551,-0.009961217556511566,6.0,6.0,9.0,8.0
"Dallas-Ft. Worth, TX",188181.81818181818,2070000,11,203142.85714285713,1422000,7,14961.038961038954,0.07950310559006207,104727.27272727268,Increased,0.08782657031684268,32589.78837979398,23500.77967187128,-571755.9483469214,681439.0190719374,0.533,0.467,0.0039599226952313,32589.78837979398,Positive,0.31118721543206074,311.1872154320607,0.025790852307072322,2862.2493407489987,0.00034778642904199295,7.0,7.0,5.0,4.0
"Miami-Ft. Lauderdale, FL",175000.0,1925000,11,187714.2857142857,1314000,7,12714.28571428571,0.07265306122448978,88999.99999999997,Increased,0.0811561978877154,251763.65177711437,253927.3375322973,-288219.03912746103,782558.4154314873,0.8345,0.1655,0.0604874966958497,251763.65177711437,Positive,2.8288050761473533,2828.8050761473532,0.021917746882485944,20432.180744557365,0.0049089352515809094,8.0,8.0,4.0,1.0
Puerto Rico,108909.09090909091,1198000,11,105285.71428571429,737000,7,-3623.376623376622,-0.033269735273074155,-25363.636363636353,Decreased,0.04551911555802606,463814.892925768,463078.64261577255,-200515.36308256228,1147613.7779488077,0.917875,0.082125,0.091935546406339,463814.892925768,Positive,-18.28660868166111,-18286.60868166111,-0.006246222043119079,21112.44370862152,0.004184824760760412,9.0,9.0,3.0,9.0
