DMA,Observed_Traffic,Counterfactual_Traffic,Incremental_Traffic,Impact_Lower_95,Impact_Upper_95,Probability_Positive,Relative_Lift,Posterior_Draws,Impact_Rank,Absolute_Impact,Positive_Impact_Share,Negative_Impact_Share,Impact_Interval_Excludes_Zero
"New York, NY",20248267.0,19284967.9092497,963299.0907502961,-1317675.5991951264,3151633.1959987003,0.813875,0.04995077488764015,8000,1,963299.0907502961,0.40548060524404067,0.0,False
"Los Angeles, CA",10563072.0,9898842.341674063,664229.6583259372,-315018.29316213855,1569172.7409266604,0.919375,0.06710175143708821,8000,2,664229.6583259372,0.2795935825801158,0.0,False
Puerto Rico,5500071.0,5036256.107074232,463814.89292576804,-200515.36308256228,1147613.7779488075,0.917875,0.09209517607221472,8000,3,463814.89292576804,0.1952331786779303,0.0,False
"Miami-Ft. Lauderdale, FL",4451941.0,4200177.348222885,251763.65177711434,-288219.03912746103,782558.4154314873,0.8345,0.059941195550620434,8000,4,251763.65177711434,0.1059746436815609,0.0,False
"Dallas-Ft. Worth, TX",5958157.0,5925567.211620206,32589.78837979398,-571755.9483469214,681439.0190719374,0.533,0.00549985971231319,8000,5,32589.78837979398,0.013717989816352378,0.0,False
"Atlanta, GA",4315963.0,4499968.045220465,-184005.04522046546,-800638.6472534734,441178.7427069252,0.270125,-0.04089030041355562,8000,6,184005.04522046546,0.0,0.09141237256983746,False
"Houston, TX",6669359.0,7201844.580885718,-532485.5808857178,-1491028.7845038178,374193.18100346526,0.12125,-0.07393738852668078,8000,7,532485.5808857178,0.0,0.2645349764712741,False
"Chicago, IL",7249854.0,7847750.80630147,-597896.8063014693,-1856604.3396599735,778068.8836706969,0.183375,-0.07618702747561493,8000,8,597896.8063014693,0.0,0.29703079907651897,False
"Philadelphia, PA",4945068.0,5643592.38737789,-698524.3873778891,-1292849.3920617844,-29386.76538324634,0.021,-0.12377300475140013,8000,9,698524.3873778891,0.0,0.3470218518823695,True
