DMA,Month,Predicted,Actual
"Atlanta, GA",2025-02-01,475634.5776055918,472473.0
"Atlanta, GA",2025-03-01,675553.5439292195,720150.0
"Atlanta, GA",2025-04-01,538968.2465199468,501015.0
"Atlanta, GA",2025-05-01,648633.0517251728,671946.0
"Atlanta, GA",2025-06-01,555969.8680555815,604762.0
"Atlanta, GA",2025-07-01,592663.2421425305,683399.0
"Atlanta, GA",2025-08-01,755749.4262022543,761772.0
"Atlanta, GA",2025-09-01,534845.4933528808,574892.0
"Atlanta, GA",2025-10-01,543428.7988072275,601843.0
"Atlanta, GA",2025-11-01,760579.0847199878,782394.0
"Atlanta, GA",2025-12-01,802086.3046290168,803261.0
"Atlanta, GA",2026-01-01,646597.3489182284,567888.0
"Atlanta, GA",2026-02-01,530279.1131963752,490720.0
"Atlanta, GA",2026-03-01,653902.5529956317,610098.0
"Atlanta, GA",2026-04-01,641363.4478086656,628150.0
"Atlanta, GA",2026-05-01,805365.0574623554,816938.0
"Atlanta, GA",2026-06-01,668784.0432617648,610240.0
"Atlanta, GA",2026-07-01,663466.7986675695,591929.0
"Baltimore, MD",2025-02-01,190158.5964090749,204980.0
"Baltimore, MD",2025-03-01,367381.81405116187,347799.0
"Baltimore, MD",2025-04-01,232859.7665220294,274050.0
"Baltimore, MD",2025-05-01,354216.32104804897,337446.0
"Baltimore, MD",2025-06-01,261553.13737845764,309119.0
"Baltimore, MD",2025-07-01,281052.76246423944,284809.0
"Baltimore, MD",2025-08-01,442075.6966438231,415153.0
"Baltimore, MD",2025-09-01,247306.26227622386,250071.0
"Baltimore, MD",2025-10-01,257608.94263068732,304894.0
"Baltimore, MD",2025-11-01,440027.85556108976,413336.0
"Baltimore, MD",2025-12-01,428922.20352654706,431004.0
"Baltimore, MD",2026-01-01,324670.619839237,297907.0
"Baltimore, MD",2026-02-01,214886.00873782736,241274.0
"Baltimore, MD",2026-03-01,287615.9514936288,287622.0
"Baltimore, MD",2026-04-01,304650.0945886704,296075.0
"Baltimore, MD",2026-05-01,471402.7040825469,371138.0
"Baltimore, MD",2026-06-01,333446.189961863,349616.0
"Baltimore, MD",2026-07-01,286520.072784843,310062.0
"Boston, MA (Manchester, NH)",2025-02-01,364392.48708254506,374008.0
"Boston, MA (Manchester, NH)",2025-03-01,562592.078506056,567423.0
"Boston, MA (Manchester, NH)",2025-04-01,431508.780777157,464335.0
"Boston, MA (Manchester, NH)",2025-05-01,539454.2110822661,538603.0
"Boston, MA (Manchester, NH)",2025-06-01,448854.27729281486,469729.0
"Boston, MA (Manchester, NH)",2025-07-01,469729.4022986901,454601.0
"Boston, MA (Manchester, NH)",2025-08-01,644163.4606991842,595756.0
"Boston, MA (Manchester, NH)",2025-09-01,422571.77788976405,441233.0
"Boston, MA (Manchester, NH)",2025-10-01,424621.45872366725,462888.0
"Boston, MA (Manchester, NH)",2025-11-01,653807.3689372445,686404.0
"Boston, MA (Manchester, NH)",2025-12-01,700128.8385666003,680538.0
"Boston, MA (Manchester, NH)",2026-01-01,533292.0085150416,518224.0
"Boston, MA (Manchester, NH)",2026-02-01,408033.02331258147,402126.0
"Boston, MA (Manchester, NH)",2026-03-01,523747.338571301,520514.0
"Boston, MA (Manchester, NH)",2026-04-01,527370.3574454321,558630.0
"Boston, MA (Manchester, NH)",2026-05-01,686901.5923588184,646319.0
"Boston, MA (Manchester, NH)",2026-06-01,550320.5781582278,520420.0
"Boston, MA (Manchester, NH)",2026-07-01,524026.95978260855,513765.0
"Buffalo, NY",2025-02-01,-68006.0496428918,50110.0
"Buffalo, NY",2025-03-01,108873.29301917179,70854.0
"Buffalo, NY",2025-04-01,-30119.129250264155,63242.0
"Buffalo, NY",2025-05-01,92956.80017587212,76946.0
"Buffalo, NY",2025-06-01,-1769.6333738592675,70245.0
"Buffalo, NY",2025-07-01,12227.992031549065,56174.0
"Buffalo, NY",2025-08-01,173250.9262111327,77257.0
"Buffalo, NY",2025-09-01,-11202.258755766201,44809.0
"Buffalo, NY",2025-10-01,-5026.078161582847,48269.0
"Buffalo, NY",2025-11-01,173610.20998856274,47888.0
"Buffalo, NY",2025-12-01,158034.18321371658,53722.0
"Buffalo, NY",2026-01-01,59284.59920678003,41259.0
"Buffalo, NY",2026-02-01,-43278.63731413934,43040.0
"Buffalo, NY",2026-03-01,29451.305441662098,52394.0
"Buffalo, NY",2026-04-01,46485.44853670368,47942.0
"Buffalo, NY",2026-05-01,213238.05803058017,63108.0
"Buffalo, NY",2026-06-01,75281.54390989628,54386.0
"Buffalo, NY",2026-07-01,28355.42673287628,50003.0
"Charlotte, NC",2025-02-01,165769.3255147018,198513.0
"Charlotte, NC",2025-03-01,344024.1680968588,289386.0
"Charlotte, NC",2025-04-01,208814.37060767962,243780.0
"Charlotte, NC",2025-05-01,330858.6750937459,268273.0
"Charlotte, NC",2025-06-01,237507.74146410785,217942.0
"Charlotte, NC",2025-07-01,248754.3670293294,232219.0
"Charlotte, NC",2025-08-01,412528.30104909977,280734.0
"Charlotte, NC",2025-09-01,222916.99138185073,189473.0
"Charlotte, NC",2025-10-01,222559.54735559053,235742.0
"Charlotte, NC",2025-11-01,416670.20960678667,359006.0
"Charlotte, NC",2025-12-01,404876.8076121973,473791.0
"Charlotte, NC",2026-01-01,300969.09890491056,269006.0
"Charlotte, NC",2026-02-01,190496.73784345426,276570.0
"Charlotte, NC",2026-03-01,263226.6805992557,314656.0
"Charlotte, NC",2026-04-01,280260.8236942973,348657.0
"Charlotte, NC",2026-05-01,447013.4331881738,434854.0
"Charlotte, NC",2026-06-01,309056.91906748986,331972.0
"Charlotte, NC",2026-07-01,262130.80189046988,303861.0
"Chicago, IL",2025-02-01,824838.593272403,680729.0
"Chicago, IL",2025-03-01,1023725.9346559606,992476.0
"Chicago, IL",2025-04-01,905022.136207902,775608.0
"Chicago, IL",2025-05-01,1003339.0670723575,1038248.0
"Chicago, IL",2025-06-01,917897.2579832564,895826.0
"Chicago, IL",2025-07-01,935677.5081689216,923622.0
"Chicago, IL",2025-08-01,1116301.316209836,1346778.0
"Chicago, IL",2025-09-01,968298.8791254115,836821.0
"Chicago, IL",2025-10-01,1043937.8056843104,817837.0
"Chicago, IL",2025-11-01,1140731.8485889,1283629.0
"Chicago, IL",2025-12-01,1230037.690721174,1489002.0
"Chicago, IL",2026-01-01,1011963.4886461368,1060892.0
"Chicago, IL",2026-02-01,881546.3787433265,847514.0
"Chicago, IL",2026-03-01,1022707.4425237735,967696.0
"Chicago, IL",2026-04-01,1007417.3374966207,994967.0
"Chicago, IL",2026-05-01,1179328.0716908474,1294013.0
"Chicago, IL",2026-06-01,1064067.3062517042,1097977.0
"Chicago, IL",2026-07-01,1053591.9369571588,986795.0
"Cincinnati, OH",2025-02-01,29870.568697886018,105031.0
"Cincinnati, OH",2025-03-01,210532.5361402064,166249.0
"Cincinnati, OH",2025-04-01,75322.73865102725,132585.0
"Cincinnati, OH",2025-05-01,191865.04345671996,158907.0
"Cincinnati, OH",2025-06-01,99201.85978712866,131324.0
"Cincinnati, OH",2025-07-01,119733.1098129805,158743.0
"Cincinnati, OH",2025-08-01,281443.7939526108,236042.0
"Cincinnati, OH",2025-09-01,87018.23456503493,150199.0
"Cincinnati, OH",2025-10-01,105917.78942008206,151893.0
"Cincinnati, OH",2025-11-01,281803.0777300409,213673.0
"Cincinnati, OH",2025-12-01,278950.4252160585,208661.0
"Cincinnati, OH",2026-01-01,163350.96718797804,135215.0
"Cincinnati, OH",2026-02-01,54597.981026638474,125206.0
"Cincinnati, OH",2026-03-01,127327.9237824399,152506.0
"Cincinnati, OH",2026-04-01,144362.0668774815,151319.0
"Cincinnati, OH",2026-05-01,311114.676371358,185990.0
"Cincinnati, OH",2026-06-01,173158.1622506741,152468.0
"Cincinnati, OH",2026-07-01,126232.0450736541,145792.0
"Cleveland-Akron (Canton), OH",2025-02-01,63610.35327916185,117024.0
"Cleveland-Akron (Canton), OH",2025-03-01,243240.69578141219,186335.0
"Cleveland-Akron (Canton), OH",2025-04-01,106311.52339211632,146650.0
"Cleveland-Akron (Canton), OH",2025-05-01,225948.70301801915,201047.0
"Cleveland-Akron (Canton), OH",2025-06-01,131910.01942833446,169943.0
"Cleveland-Akron (Canton), OH",2025-07-01,150034.14459402292,174421.0
"Cleveland-Akron (Canton), OH",2025-08-01,311057.0787736065,257561.0
"Cleveland-Akron (Canton), OH",2025-09-01,121101.89412633411,165142.0
"Cleveland-Akron (Canton), OH",2025-10-01,120056.70014002724,179556.0
"Cleveland-Akron (Canton), OH",2025-11-01,312447.9874911066,262091.0
"Cleveland-Akron (Canton), OH",2025-12-01,304781.0852567974,247363.0
"Cleveland-Akron (Canton), OH",2026-01-01,195715.2518491605,160020.0
"Cleveland-Akron (Canton), OH",2026-02-01,88337.7656079143,168240.0
"Cleveland-Akron (Canton), OH",2026-03-01,161067.70836371573,189297.0
"Cleveland-Akron (Canton), OH",2026-04-01,178101.85145875733,183897.0
"Cleveland-Akron (Canton), OH",2026-05-01,344854.4609526338,244762.0
"Cleveland-Akron (Canton), OH",2026-06-01,206897.94683194993,197852.0
"Cleveland-Akron (Canton), OH",2026-07-01,159971.82965492993,174246.0
"Columbus, OH",2025-02-01,-3911.9591464806144,77936.0
"Columbus, OH",2025-03-01,174342.88343567637,146482.0
"Columbus, OH",2025-04-01,40508.585866590576,108677.0
"Columbus, OH",2025-05-01,157738.64063233,133309.0
"Columbus, OH",2025-06-01,66107.08190280871,134650.0
"Columbus, OH",2025-07-01,81824.08220833376,139296.0
"Columbus, OH",2025-08-01,245941.8912081275,214165.0
"Columbus, OH",2025-09-01,53235.70672066832,106372.0
"Columbus, OH",2025-10-01,70072.01169557536,113109.0
"Columbus, OH",2025-11-01,245269.55004548753,163568.0
"Columbus, OH",2025-12-01,238978.14773127166,122040.0
"Columbus, OH",2026-01-01,128880.68938356474,94858.0
"Columbus, OH",2026-02-01,20815.45318227184,75248.0
"Columbus, OH",2026-03-01,93545.39593807328,111468.0
"Columbus, OH",2026-04-01,110579.53903311485,125441.0
"Columbus, OH",2026-05-01,277332.14852699137,141114.0
"Columbus, OH",2026-06-01,139375.63440630745,112966.0
"Columbus, OH",2026-07-01,92449.51722928746,112386.0
"Dallas-Ft. Worth, TX",2025-02-01,683956.808202809,625075.0
"Dallas-Ft. Worth, TX",2025-03-01,882156.3996263199,980877.0
"Dallas-Ft. Worth, TX",2025-04-01,752448.6018175143,702298.0
"Dallas-Ft. Worth, TX",2025-05-01,860737.9071026468,921441.0
"Dallas-Ft. Worth, TX",2025-06-01,769450.2233531488,779426.0
"Dallas-Ft. Worth, TX",2025-07-01,800985.4727397477,860990.0
"Dallas-Ft. Worth, TX",2025-08-01,962008.4069193313,1122844.0
"Dallas-Ft. Worth, TX",2025-09-01,852863.8425775449,721394.0
"Dallas-Ft. Worth, TX",2025-10-01,954981.1425982415,766037.0
"Dallas-Ft. Worth, TX",2025-11-01,977154.3148377652,1091602.0
"Dallas-Ft. Worth, TX",2025-12-01,1031384.909007658,1156784.0
"Dallas-Ft. Worth, TX",2026-01-01,855263.4544954689,775498.0
"Dallas-Ft. Worth, TX",2026-02-01,734130.9690532889,677849.0
"Dallas-Ft. Worth, TX",2026-03-01,877699.1576938994,842809.0
"Dallas-Ft. Worth, TX",2026-04-01,875476.3019076337,800138.0
"Dallas-Ft. Worth, TX",2026-05-01,1019189.287739946,1016690.0
"Dallas-Ft. Worth, TX",2026-06-01,910806.0219012699,913760.0
"Dallas-Ft. Worth, TX",2026-07-01,886231.7784257672,931413.0
"Detroit, MI",2025-02-01,200684.2844273582,262387.0
"Detroit, MI",2025-03-01,387192.12653007545,384928.0
"Detroit, MI",2025-04-01,256452.70378119976,300978.0
"Detroit, MI",2025-05-01,367493.008906519,351117.0
"Detroit, MI",2025-06-01,277236.95009709103,331581.0
"Detroit, MI",2025-07-01,292266.2004425694,335908.0
"Detroit, MI",2025-08-01,467388.00880311016,439530.0
"Detroit, MI",2025-09-01,258519.70025455378,281841.0
"Detroit, MI",2025-10-01,278450.88004967093,295621.0
"Detroit, MI",2025-11-01,473249.29226091376,417564.0
"Detroit, MI",2025-12-01,501001.512969009,373625.0
"Detroit, MI",2026-01-01,354797.18171885086,275640.0
"Detroit, MI",2026-02-01,225411.69675611064,258768.0
"Detroit, MI",2026-03-01,298141.6395119121,317299.0
"Detroit, MI",2026-04-01,315175.78260695364,315176.0
"Detroit, MI",2026-05-01,481928.39210083015,414996.0
"Detroit, MI",2026-06-01,343971.87798014627,380027.0
"Detroit, MI",2026-07-01,297045.76080312626,339421.0
"El Paso, TX (Las Cruces, NM)",2025-02-01,185980.03384581552,240398.0
"El Paso, TX (Las Cruces, NM)",2025-03-01,365266.5013680425,333629.0
"El Paso, TX (Las Cruces, NM)",2025-04-01,228337.3289787466,275700.0
"El Paso, TX (Las Cruces, NM)",2025-05-01,351069.38342485955,331030.0
"El Paso, TX (Las Cruces, NM)",2025-06-01,256342.9498751282,263657.0
"El Paso, TX (Las Cruces, NM)",2025-07-01,271028.32524058316,283173.0
"El Paso, TX (Las Cruces, NM)",2025-08-01,433082.8843602369,362987.0
"El Paso, TX (Las Cruces, NM)",2025-09-01,242439.94975291775,281516.0
"El Paso, TX (Las Cruces, NM)",2025-10-01,244489.63058682097,296988.0
"El Paso, TX (Las Cruces, NM)",2025-11-01,435505.418017807,458259.0
"El Paso, TX (Las Cruces, NM)",2025-12-01,425087.515943311,444046.0
"El Paso, TX (Las Cruces, NM)",2026-01-01,319460.43233590754,309182.0
"El Paso, TX (Las Cruces, NM)",2026-02-01,210707.44617456797,253829.0
"El Paso, TX (Las Cruces, NM)",2026-03-01,283437.3889303694,303090.0
"El Paso, TX (Las Cruces, NM)",2026-04-01,300471.53202541097,294298.0
"El Paso, TX (Las Cruces, NM)",2026-05-01,467224.1415192875,369247.0
"El Paso, TX (Las Cruces, NM)",2026-06-01,329267.6273986036,272993.0
"El Paso, TX (Las Cruces, NM)",2026-07-01,282341.5102215836,257518.0
"Ft. Myers-Naples, FL",2025-02-01,95638.33232707837,162586.0
"Ft. Myers-Naples, FL",2025-03-01,272173.8000091186,227019.0
"Ft. Myers-Naples, FL",2025-04-01,134556.87765977604,180992.0
"Ft. Myers-Naples, FL",2025-05-01,259008.30700600572,200314.0
"Ft. Myers-Naples, FL",2025-06-01,164281.87345627433,160446.0
"Ft. Myers-Naples, FL",2025-07-01,176216.24898154257,180380.0
"Ft. Myers-Naples, FL",2025-08-01,338614.68308121955,192735.0
"Ft. Myers-Naples, FL",2025-09-01,152442.12321420395,167996.0
"Ft. Myers-Naples, FL",2025-10-01,151053.05424787375,172132.0
"Ft. Myers-Naples, FL",2025-11-01,339661.71681869635,285024.0
"Ft. Myers-Naples, FL",2025-12-01,323054.0651037801,325104.0
"Ft. Myers-Naples, FL",2026-01-01,227055.48093703037,272745.0
"Ft. Myers-Naples, FL",2026-02-01,120365.74465583083,199578.0
"Ft. Myers-Naples, FL",2026-03-01,193095.68741163227,234215.0
"Ft. Myers-Naples, FL",2026-04-01,210129.83050667384,245244.0
"Ft. Myers-Naples, FL",2026-05-01,376882.44000055036,294052.0
"Ft. Myers-Naples, FL",2026-06-01,238925.92587986644,235570.0
"Ft. Myers-Naples, FL",2026-07-01,191999.80870284647,229024.0
"Harlingen-Weslaco-Brownsville-McAllen, TX",2025-02-01,282214.38129222026,311106.0
"Harlingen-Weslaco-Brownsville-McAllen, TX",2025-03-01,464251.848654634,438017.0
"Harlingen-Weslaco-Brownsville-McAllen, TX",2025-04-01,330073.6761055249,355042.0
"Harlingen-Weslaco-Brownsville-McAllen, TX",2025-05-01,450054.73071145103,452025.0
"Harlingen-Weslaco-Brownsville-McAllen, TX",2025-06-01,356703.79708181304,320362.0
"Harlingen-Weslaco-Brownsville-McAllen, TX",2025-07-01,371389.17244726804,349005.0
"Harlingen-Weslaco-Brownsville-McAllen, TX",2025-08-01,534475.3565069918,487890.0
"Harlingen-Weslaco-Brownsville-McAllen, TX",2025-09-01,339018.17217934586,332545.0
"Harlingen-Weslaco-Brownsville-McAllen, TX",2025-10-01,341411.7279932724,307867.0
"Harlingen-Weslaco-Brownsville-McAllen, TX",2025-11-01,541024.389924842,507382.0
"Harlingen-Weslaco-Brownsville-McAllen, TX",2025-12-01,547800.2368515133,546923.0
"Harlingen-Weslaco-Brownsville-McAllen, TX",2026-01-01,423947.77930287254,445443.0
"Harlingen-Weslaco-Brownsville-McAllen, TX",2026-02-01,306941.7936209727,348019.0
"Harlingen-Weslaco-Brownsville-McAllen, TX",2026-03-01,379671.73637677415,431108.0
"Harlingen-Weslaco-Brownsville-McAllen, TX",2026-04-01,396705.8794718157,431454.0
"Harlingen-Weslaco-Brownsville-McAllen, TX",2026-05-01,563458.4889656922,573572.0
"Harlingen-Weslaco-Brownsville-McAllen, TX",2026-06-01,425501.97484500834,409790.0
"Harlingen-Weslaco-Brownsville-McAllen, TX",2026-07-01,378575.85766798834,385671.0
"Hartford & New Haven, CT",2025-02-01,136576.3600293888,193142.0
"Hartford & New Haven, CT",2025-03-01,311048.577831289,297425.0
"Hartford & New Haven, CT",2025-04-01,173431.6554819464,230033.0
"Hartford & New Haven, CT",2025-05-01,295475.95996801264,292438.0
"Hartford & New Haven, CT",2025-06-01,201781.1513583513,214514.0
"Hartford & New Haven, CT",2025-07-01,215778.7767637596,205537.0
"Hartford & New Haven, CT",2025-08-01,376801.71094334323,288394.0
"Hartford & New Haven, CT",2025-09-01,193380.15091651437,195442.0
"Hartford & New Haven, CT",2025-10-01,196461.45669048763,208156.0
"Hartford & New Haven, CT",2025-11-01,375441.6198206566,333484.0
"Hartford & New Haven, CT",2025-12-01,359865.5930458104,358279.0
"Hartford & New Haven, CT",2026-01-01,265586.3837791773,247578.0
"Hartford & New Haven, CT",2026-02-01,161303.77235814123,197140.0
"Hartford & New Haven, CT",2026-03-01,234033.7151139427,287632.0
"Hartford & New Haven, CT",2026-04-01,251067.85820898425,277908.0
"Hartford & New Haven, CT",2026-05-01,417820.46770286077,330714.0
"Hartford & New Haven, CT",2026-06-01,279863.9535821769,272562.0
"Hartford & New Haven, CT",2026-07-01,232937.83640515685,248279.0
"Houston, TX",2025-02-01,808278.9882189947,801111.0
"Houston, TX",2025-03-01,1003383.7048222955,1186513.0
"Houston, TX",2025-04-01,891557.4059747038,861842.0
"Houston, TX",2025-05-01,988842.7118990893,994680.0
"Houston, TX",2025-06-01,904432.5277500583,899569.0
"Houston, TX",2025-07-01,923244.4028757934,889406.0
"Houston, TX",2025-08-01,1100773.3360964975,1246838.0
"Houston, TX",2025-09-01,887778.5277876611,846484.0
"Houston, TX",2025-10-01,890515.9585816109,765224.0
"Houston, TX",2025-11-01,1124516.1185155152,1233841.0
"Houston, TX",2025-12-01,1215541.3355479059,1362734.0
"Houston, TX",2026-01-01,997123.2584928452,1005386.0
"Houston, TX",2026-02-01,857421.5241294047,758353.0
"Houston, TX",2026-03-01,1011305.9621707154,967608.0
"Houston, TX",2026-04-01,992577.1073433292,903931.0
"Houston, TX",2026-05-01,1138009.4680757583,1134452.0
"Houston, TX",2026-06-01,1028594.5772970119,977590.0
"Houston, TX",2026-07-01,993704.084420809,922039.0
"Las Vegas, NV",2025-02-01,133067.77006568844,223298.0
"Las Vegas, NV",2025-03-01,314417.4874680555,345834.0
"Las Vegas, NV",2025-04-01,178176.0650388063,270928.0
"Las Vegas, NV",2025-05-01,298157.1196447325,329738.0
"Las Vegas, NV",2025-06-01,204118.4360550478,240731.0
"Las Vegas, NV",2025-07-01,225681.3110209697,291910.0
"Las Vegas, NV",2025-08-01,383953.2453603666,287306.0
"Las Vegas, NV",2025-09-01,189871.56095281403,215574.0
"Las Vegas, NV",2025-10-01,191921.24178671723,222555.0
"Las Vegas, NV",2025-11-01,386719.65399796003,281614.0
"Las Vegas, NV",2025-12-01,381803.75160383753,261103.0
"Las Vegas, NV",2026-01-01,268955.29341594386,232199.0
"Las Vegas, NV",2026-02-01,157795.1823944409,220994.0
"Las Vegas, NV",2026-03-01,230525.12515024233,259325.0
"Las Vegas, NV",2026-04-01,247559.2682452839,258407.0
"Las Vegas, NV",2026-05-01,414311.87773916044,312401.0
"Las Vegas, NV",2026-06-01,276355.3636184765,231217.0
"Las Vegas, NV",2026-07-01,229429.24644145652,227685.0
"Los Angeles, CA",2025-02-01,1206560.0253439648,1100942.0
"Los Angeles, CA",2025-03-01,1426423.7405089464,1575700.0
"Los Angeles, CA",2025-04-01,1312878.066761238,1302004.0
"Los Angeles, CA",2025-05-01,1394688.998584573,1495507.0
"Los Angeles, CA",2025-06-01,1315093.0641558687,1147030.0
"Los Angeles, CA",2025-07-01,1340094.688922024,1178756.0
"Los Angeles, CA",2025-08-01,1530346.996403592,1562669.0
"Los Angeles, CA",2025-09-01,1267834.1909713938,1078670.0
"Los Angeles, CA",2025-10-01,1279856.246225974,1216801.0
"Los Angeles, CA",2025-11-01,1561311.1534030996,1652457.0
"Los Angeles, CA",2025-12-01,1706324.7422991556,1797541.0
"Los Angeles, CA",2026-01-01,1430823.4185602197,1532738.0
"Los Angeles, CA",2026-02-01,1277710.5599758688,1145789.0
"Los Angeles, CA",2026-03-01,1495899.619281545,1428634.0
"Los Angeles, CA",2026-04-01,1447597.516172151,1510002.0
"Los Angeles, CA",2026-05-01,1570678.0032030628,1896971.0
"Los Angeles, CA",2026-06-01,1571646.9810118102,1588287.0
"Los Angeles, CA",2026-07-01,1535380.9882155138,1460651.0
"Miami-Ft. Lauderdale, FL",2025-02-01,972561.3287553593,921274.0
"Miami-Ft. Lauderdale, FL",2025-03-01,1180733.2945995473,1211447.0
"Miami-Ft. Lauderdale, FL",2025-04-01,1066843.7458718154,932102.0
"Miami-Ft. Lauderdale, FL",2025-05-01,1158627.0521158273,1179708.0
"Miami-Ft. Lauderdale, FL",2025-06-01,1075936.242866913,1046841.0
"Miami-Ft. Lauderdale, FL",2025-07-01,1093372.6180725547,984205.0
"Miami-Ft. Lauderdale, FL",2025-08-01,1276403.5509736324,1387567.0
"Miami-Ft. Lauderdale, FL",2025-09-01,1030740.6195625783,948016.0
"Miami-Ft. Lauderdale, FL",2025-10-01,1060300.298798349,958960.0
"Miami-Ft. Lauderdale, FL",2025-11-01,1336940.956255148,1430165.0
"Miami-Ft. Lauderdale, FL",2025-12-01,1400456.174885671,1454858.0
"Miami-Ft. Lauderdale, FL",2026-01-01,1174816.7232501202,1361596.0
"Miami-Ft. Lauderdale, FL",2026-02-01,1022047.7396457925,1007895.0
"Miami-Ft. Lauderdale, FL",2026-03-01,1170430.1780067298,1056586.0
"Miami-Ft. Lauderdale, FL",2026-04-01,1146887.0734590166,1025864.0
"Miami-Ft. Lauderdale, FL",2026-05-01,1296445.933951726,1564788.0
"Miami-Ft. Lauderdale, FL",2026-06-01,1185311.668272863,1200643.0
"Miami-Ft. Lauderdale, FL",2026-07-01,1145950.8006563566,1122291.0
"Minneapolis-St. Paul, MN",2025-02-01,133974.64570272178,183868.0
"Minneapolis-St. Paul, MN",2025-03-01,352806.7359276334,274695.0
"Minneapolis-St. Paul, MN",2025-04-01,191118.5649766567,210290.0
"Minneapolis-St. Paul, MN",2025-05-01,299407.8702617892,256063.0
"Minneapolis-St. Paul, MN",2025-06-01,206744.68659219786,239353.0
"Minneapolis-St. Paul, MN",2025-07-01,249627.81031956713,254440.0
"Minneapolis-St. Paul, MN",2025-08-01,398271.24521831033,365190.0
"Minneapolis-St. Paul, MN",2025-09-01,192841.6864699874,262397.0
"Minneapolis-St. Paul, MN",2025-10-01,240970.61462701883,259021.0
"Minneapolis-St. Paul, MN",2025-11-01,404820.27863616066,351143.0
"Minneapolis-St. Paul, MN",2025-12-01,422600.1249235789,269402.0
"Minneapolis-St. Paul, MN",2026-01-01,271925.41893311724,185562.0
"Minneapolis-St. Paul, MN",2026-02-01,158702.05803147424,219066.0
"Minneapolis-St. Paul, MN",2026-03-01,231432.00078727567,303396.0
"Minneapolis-St. Paul, MN",2026-04-01,248466.14388231724,301033.0
"Minneapolis-St. Paul, MN",2026-05-01,415218.75337619375,378225.0
"Minneapolis-St. Paul, MN",2026-06-01,277262.2392555098,316537.0
"Minneapolis-St. Paul, MN",2026-07-01,230336.12207848983,296846.0
"New York, NY",2025-02-01,2652266.3771497197,2103418.0
"New York, NY",2025-03-01,2927837.839078483,3247183.0
"New York, NY",2025-04-01,2847304.1634130157,2547946.0
"New York, NY",2025-05-01,2896103.0971541093,3165076.0
"New York, NY",2025-06-01,2821665.2874257555,2880350.0
"New York, NY",2025-07-01,2873833.035613755,2936444.0
"New York, NY",2025-08-01,3069243.467795673,3759759.0
"New York, NY",2025-09-01,2724200.667157872,2778201.0
"New York, NY",2025-10-01,2727625.8479118687,2687790.0
"New York, NY",2025-11-01,3149037.871958496,3436538.0
"New York, NY",2025-12-01,3489372.449507811,3323095.0
"New York, NY",2026-01-01,2937739.51681013,2927380.0
"New York, NY",2026-02-01,2743705.535603001,2055620.0
"New York, NY",2026-03-01,3030669.590913346,2710011.0
"New York, NY",2026-04-01,3196945.475338519,3003772.0
"New York, NY",2026-05-01,3054554.477791409,3641071.0
"New York, NY",2026-06-01,2985029.0846953704,3154801.0
"New York, NY",2026-07-01,2986933.2146816654,2755612.0
"Oklahoma City, OK",2025-02-01,30863.804580375407,97935.0
"Oklahoma City, OK",2025-03-01,208087.02222246234,139140.0
"Oklahoma City, OK",2025-04-01,69438.47493304973,98932.0
"Oklahoma City, OK",2025-05-01,192514.404359186,119230.0
"Oklahoma City, OK",2025-06-01,97787.97080945464,120856.0
"Oklahoma City, OK",2025-07-01,114880.47103507305,132278.0
"Oklahoma City, OK",2025-08-01,274527.90529456333,208038.0
"Oklahoma City, OK",2025-09-01,87667.595467501,114553.0
"Oklahoma City, OK",2025-10-01,93843.77606168434,150819.0
"Oklahoma City, OK",2025-11-01,274543.31409197004,259022.0
"Oklahoma City, OK",2025-12-01,259998.91225719394,284990.0
"Oklahoma City, OK",2026-01-01,161937.07821030403,174950.0
"Oklahoma City, OK",2026-02-01,55591.21690912786,149023.0
"Oklahoma City, OK",2026-03-01,128321.15966492929,163390.0
"Oklahoma City, OK",2026-04-01,145355.3027599709,135851.0
"Oklahoma City, OK",2026-05-01,312107.91225384735,166429.0
"Oklahoma City, OK",2026-06-01,174151.3981331635,154617.0
"Oklahoma City, OK",2026-07-01,127225.28095614348,138790.0
"Orlando-Daytona Beach-Melbourne, FL",2025-02-01,528802.7705983992,560646.0
"Orlando-Daytona Beach-Melbourne, FL",2025-03-01,714966.7377210931,676377.0
"Orlando-Daytona Beach-Melbourne, FL",2025-04-01,584915.0649322642,539136.0
"Orlando-Daytona Beach-Melbourne, FL",2025-05-01,700081.8698178635,667323.0
"Orlando-Daytona Beach-Melbourne, FL",2025-06-01,607762.5611282955,502880.0
"Orlando-Daytona Beach-Melbourne, FL",2025-07-01,632764.1858944509,601789.0
"Orlando-Daytona Beach-Melbourne, FL",2025-08-01,796194.2449341979,829522.0
"Orlando-Daytona Beach-Melbourne, FL",2025-09-01,586638.1864255948,551679.0
"Orlando-Daytona Beach-Melbourne, FL",2025-10-01,592470.4920397549,572557.0
"Orlando-Daytona Beach-Melbourne, FL",2025-11-01,802399.4033720248,903278.0
"Orlando-Daytona Beach-Melbourne, FL",2025-12-01,834621.9988204236,969444.0
"Orlando-Daytona Beach-Melbourne, FL",2026-01-01,689105.4175303121,850612.0
"Orlando-Daytona Beach-Melbourne, FL",2026-02-01,553530.1829271517,592349.0
"Orlando-Daytona Beach-Melbourne, FL",2026-03-01,626260.1256829532,606532.0
"Orlando-Daytona Beach-Melbourne, FL",2026-04-01,643294.2687779947,599480.0
"Orlando-Daytona Beach-Melbourne, FL",2026-05-01,810046.8782718712,801147.0
"Orlando-Daytona Beach-Melbourne, FL",2026-06-01,672090.3641511872,583462.0
"Orlando-Daytona Beach-Melbourne, FL",2026-07-01,625164.2469741673,592896.0
"Philadelphia, PA",2025-02-01,541898.7591577604,527695.0
"Philadelphia, PA",2025-03-01,741129.9755213414,733416.0
"Philadelphia, PA",2025-04-01,622082.3020932594,620943.0
"Philadelphia, PA",2025-05-01,717992.1080975515,707093.0
"Philadelphia, PA",2025-06-01,633925.7989285438,639860.0
"Philadelphia, PA",2025-07-01,656864.173814559,635195.0
"Philadelphia, PA",2025-08-01,830954.3572350298,945981.0
"Philadelphia, PA",2025-09-01,600765.799925026,649407.0
"Philadelphia, PA",2025-10-01,622760.2296002833,695882.0
"Philadelphia, PA",2025-11-01,917626.2609983194,917788.0
"Philadelphia, PA",2025-12-01,991457.7290295428,977097.0
"Philadelphia, PA",2026-01-01,751719.403213035,691951.0
"Philadelphia, PA",2026-02-01,587946.4202479603,518415.0
"Philadelphia, PA",2026-03-01,731858.483868594,666756.0
"Philadelphia, PA",2026-04-01,716912.2538214645,744659.0
"Philadelphia, PA",2026-05-01,865783.3643541271,899504.0
"Philadelphia, PA",2026-06-01,745020.5992346104,767769.0
"Philadelphia, PA",2026-07-01,718726.9808589912,656014.0
"Phoenix (Prescott), AZ",2025-02-01,284273.39544080565,298847.0
"Phoenix (Prescott), AZ",2025-03-01,464591.48790310265,434655.0
"Phoenix (Prescott), AZ",2025-04-01,339354.06483460055,336678.0
"Phoenix (Prescott), AZ",2025-05-01,451769.8698800131,445624.0
"Phoenix (Prescott), AZ",2025-06-01,364608.6858907953,311012.0
"Phoenix (Prescott), AZ",2025-07-01,390298.06061699736,389663.0
"Phoenix (Prescott), AZ",2025-08-01,552696.4947166744,373546.0
"Phoenix (Prescott), AZ",2025-09-01,341764.9362879779,347801.0
"Phoenix (Prescott), AZ",2025-10-01,349316.61680225463,281363.0
"Phoenix (Prescott), AZ",2025-11-01,554431.2784141978,458354.0
"Phoenix (Prescott), AZ",2025-12-01,560519.3753808223,655833.0
"Phoenix (Prescott), AZ",2026-01-01,433915.9179919949,441011.0
"Phoenix (Prescott), AZ",2026-02-01,309000.8077695581,373450.0
"Phoenix (Prescott), AZ",2026-03-01,381730.75052535953,474619.0
"Phoenix (Prescott), AZ",2026-04-01,398764.8936204011,449652.0
"Phoenix (Prescott), AZ",2026-05-01,565517.5031142776,586377.0
"Phoenix (Prescott), AZ",2026-06-01,427560.9889935937,429044.0
"Phoenix (Prescott), AZ",2026-07-01,380634.8718165737,463221.0
"Providence, RI-New Bedford, MA",2025-02-01,114172.24195496639,160702.0
"Providence, RI-New Bedford, MA",2025-03-01,289332.20971691323,203061.0
"Providence, RI-New Bedford, MA",2025-04-01,150339.7874474773,178435.0
"Providence, RI-New Bedford, MA",2025-05-01,273071.84189359023,245795.0
"Providence, RI-New Bedford, MA",2025-06-01,178001.53336383554,189346.0
"Providence, RI-New Bedford, MA",2025-07-01,195094.03358945393,187486.0
"Providence, RI-New Bedford, MA",2025-08-01,354741.4678489442,298586.0
"Providence, RI-New Bedford, MA",2025-09-01,170632.15786206865,188062.0
"Providence, RI-New Bedford, MA",2025-10-01,176464.46347622864,195408.0
"Providence, RI-New Bedford, MA",2025-11-01,350974.2518660941,271236.0
"Providence, RI-New Bedford, MA",2025-12-01,332991.10023108457,295885.0
"Providence, RI-New Bedford, MA",2026-01-01,241119.01582461488,240935.0
"Providence, RI-New Bedford, MA",2026-02-01,138899.65428371885,199649.0
"Providence, RI-New Bedford, MA",2026-03-01,211629.59703952027,225329.0
"Providence, RI-New Bedford, MA",2026-04-01,228663.74013456187,276420.0
"Providence, RI-New Bedford, MA",2026-05-01,395416.34962843836,337054.0
"Providence, RI-New Bedford, MA",2026-06-01,257459.83550775447,307782.0
"Providence, RI-New Bedford, MA",2026-07-01,210533.71833073447,268366.0
Puerto Rico,2025-02-01,1179683.9384192727,961872.0
Puerto Rico,2025-03-01,1352092.9063410328,1262355.0
Puerto Rico,2025-04-01,1256084.8565745149,1010521.0
Puerto Rico,2025-05-01,1338583.5383578965,1390533.0
Puerto Rico,2025-06-01,1278244.6028104995,1103164.0
Puerto Rico,2025-07-01,1257166.9802535267,1170517.0
Puerto Rico,2025-08-01,1463581.411796192,1428611.0
Puerto Rico,2025-09-01,1236831.6042864216,1160378.0
Puerto Rico,2025-10-01,1275332.0330027994,1273719.0
Puerto Rico,2025-11-01,1491450.6939754896,1615025.0
Puerto Rico,2025-12-01,1552214.9127658259,1784096.0
Puerto Rico,2026-01-01,1373342.45841345,1533828.0
Puerto Rico,2026-02-01,1219541.8498690522,1250061.0
Puerto Rico,2026-03-01,1336287.7900678418,1383962.0
Puerto Rico,2026-04-01,1317902.8102204788,1332220.0
Puerto Rico,2026-05-01,1474683.0452936783,1788995.0
Puerto Rico,2026-06-01,1343947.9057534847,1341938.0
Puerto Rico,2026-07-01,1327626.6617985424,1282805.0
"Sacramento-Stockton-Modesto, CA",2025-02-01,239608.8049177589,290692.0
"Sacramento-Stockton-Modesto, CA",2025-03-01,420614.64734010265,422143.0
"Sacramento-Stockton-Modesto, CA",2025-04-01,285404.84985092346,319813.0
"Sacramento-Stockton-Modesto, CA",2025-05-01,405729.779436873,390865.0
"Sacramento-Stockton-Modesto, CA",2025-06-01,313066.5957672817,310034.0
"Sacramento-Stockton-Modesto, CA",2025-07-01,334285.59575318027,349332.0
"Sacramento-Stockton-Modesto, CA",2025-08-01,493589.15503264713,473540.0
"Sacramento-Stockton-Modesto, CA",2025-09-01,296756.47078490787,318803.0
"Sacramento-Stockton-Modesto, CA",2025-10-01,306027.5261993013,334610.0
"Sacramento-Stockton-Modesto, CA",2025-11-01,499450.43849045073,452239.0
"Sacramento-Stockton-Modesto, CA",2025-12-01,500724.2857367484,469044.0
"Sacramento-Stockton-Modesto, CA",2026-01-01,380310.57798834116,344234.0
"Sacramento-Stockton-Modesto, CA",2026-02-01,264336.21724651137,266517.0
"Sacramento-Stockton-Modesto, CA",2026-03-01,337066.1600023128,352789.0
"Sacramento-Stockton-Modesto, CA",2026-04-01,354100.30309735436,355619.0
"Sacramento-Stockton-Modesto, CA",2026-05-01,520852.9125912309,457484.0
"Sacramento-Stockton-Modesto, CA",2026-06-01,382896.398470547,379726.0
"Sacramento-Stockton-Modesto, CA",2026-07-01,335970.281293527,383307.0
"San Antonio, TX",2025-02-01,277045.11057541735,318753.0
"San Antonio, TX",2025-03-01,461145.8278179712,460890.0
"San Antonio, TX",2025-04-01,329374.78012902546,345257.0
"San Antonio, TX",2025-05-01,443853.83505457814,423550.0
"San Antonio, TX",2025-06-01,352566.1513050802,393846.0
"San Antonio, TX",2025-07-01,368283.15161060524,443976.0
"San Antonio, TX",2025-08-01,533432.585550469,563347.0
"San Antonio, TX",2025-09-01,334192.7764425663,369943.0
"San Antonio, TX",2025-10-01,346902.5816571932,375101.0
"San Antonio, TX",2025-11-01,542388.7438284827,524979.0
"San Antonio, TX",2025-12-01,548476.8407951073,512793.0
"San Antonio, TX",2026-01-01,418778.5085860697,407721.0
"San Antonio, TX",2026-02-01,301772.5229041698,288664.0
"San Antonio, TX",2026-03-01,374502.46565997123,355985.0
"San Antonio, TX",2026-04-01,391536.60875501286,341709.0
"San Antonio, TX",2026-05-01,558289.2182488893,437850.0
"San Antonio, TX",2026-06-01,420332.7041282054,394012.0
"San Antonio, TX",2026-07-01,373406.5869511854,417905.0
"San Diego, CA",2025-02-01,121706.47839680214,208638.0
"San Diego, CA",2025-03-01,299961.3209789591,281861.0
"San Diego, CA",2025-04-01,165095.3984698033,248923.0
"San Diego, CA",2025-05-01,286795.8279758462,285111.0
"San Diego, CA",2025-06-01,193788.76932623153,247673.0
"San Diego, CA",2025-07-01,222916.89385266704,261307.0
"San Diego, CA",2025-08-01,378437.82835187716,303642.0
"San Diego, CA",2025-09-01,178854.14426395108,226049.0
"San Diego, CA",2025-10-01,179184.45019773758,250502.0
"San Diego, CA",2025-11-01,373295.1124489337,335891.0
"San Diego, CA",2025-12-01,362533.3353944144,299168.0
"San Diego, CA",2026-01-01,257250.12676703423,210451.0
"San Diego, CA",2026-02-01,146433.8907255546,162826.0
"San Diego, CA",2026-03-01,219163.83348135604,204079.0
"San Diego, CA",2026-04-01,236197.9765763976,226637.0
"San Diego, CA",2026-05-01,402950.5860702741,289005.0
"San Diego, CA",2026-06-01,264994.07194959023,251336.0
"San Diego, CA",2026-07-01,218067.9547725702,214529.0
"Seattle-Tacoma, WA",2025-02-01,197981.3046514035,197676.0
"Seattle-Tacoma, WA",2025-03-01,375892.27225353714,363373.0
"Seattle-Tacoma, WA",2025-04-01,239994.7248043113,309908.0
"Seattle-Tacoma, WA",2025-05-01,362726.77925042424,366754.0
"Seattle-Tacoma, WA",2025-06-01,269031.9706407629,298073.0
"Seattle-Tacoma, WA",2025-07-01,280278.5962059844,300952.0
"Seattle-Tacoma, WA",2025-08-01,443708.65524573147,431889.0
"Seattle-Tacoma, WA",2025-09-01,255472.84549857577,315958.0
"Seattle-Tacoma, WA",2025-10-01,254427.6515122689,331561.0
"Seattle-Tacoma, WA",2025-11-01,447162.81384337164,399346.0
"Seattle-Tacoma, WA",2025-12-01,434337.78690871224,372590.0
"Seattle-Tacoma, WA",2026-01-01,332493.32808156556,312268.0
"Seattle-Tacoma, WA",2026-02-01,222708.71698015596,206642.0
"Seattle-Tacoma, WA",2026-03-01,295438.6597359574,307847.0
"Seattle-Tacoma, WA",2026-04-01,312472.80283099896,325790.0
"Seattle-Tacoma, WA",2026-05-01,479225.4123248755,393501.0
"Seattle-Tacoma, WA",2026-06-01,341268.8982041916,311217.0
"Seattle-Tacoma, WA",2026-07-01,294342.7810271716,293621.0
"Tampa-St. Petersburg (Sarasota), FL",2025-02-01,411148.27070494136,480001.0
"Tampa-St. Petersburg (Sarasota), FL",2025-03-01,607628.4872283356,674434.0
"Tampa-St. Petersburg (Sarasota), FL",2025-04-01,471043.18981906306,499211.0
"Tampa-St. Petersburg (Sarasota), FL",2025-05-01,581739.619964359,605905.0
"Tampa-St. Petersburg (Sarasota), FL",2025-06-01,488732.5613147443,435528.0
"Tampa-St. Petersburg (Sarasota), FL",2025-07-01,518548.4358012265,457173.0
"Tampa-St. Petersburg (Sarasota), FL",2025-08-01,686448.869581277,628394.0
"Tampa-St. Petersburg (Sarasota), FL",2025-09-01,468983.686532137,398840.0
"Tampa-St. Petersburg (Sarasota), FL",2025-10-01,468282.36752585345,409267.0
"Tampa-St. Petersburg (Sarasota), FL",2025-11-01,691966.2780590572,686085.0
"Tampa-St. Petersburg (Sarasota), FL",2025-12-01,726939.8733476427,712019.0
"Tampa-St. Petersburg (Sarasota), FL",2026-01-01,570419.2926967843,626616.0
"Tampa-St. Petersburg (Sarasota), FL",2026-02-01,435875.6830336938,499071.0
"Tampa-St. Petersburg (Sarasota), FL",2026-03-01,508605.6257894953,580379.0
"Tampa-St. Petersburg (Sarasota), FL",2026-04-01,525639.7688845368,555858.0
"Tampa-St. Petersburg (Sarasota), FL",2026-05-01,692392.3783784134,671204.0
"Tampa-St. Petersburg (Sarasota), FL",2026-06-01,554435.8642577295,509869.0
"Tampa-St. Petersburg (Sarasota), FL",2026-07-01,507509.74708070944,486486.0
"Washington, DC (Hagerstown, MD)",2025-02-01,432391.2094823375,325828.0
"Washington, DC (Hagerstown, MD)",2025-03-01,631966.3008259418,567155.0
"Washington, DC (Hagerstown, MD)",2025-04-01,496412.62835673935,458196.0
"Washington, DC (Hagerstown, MD)",2025-05-01,606421.3085419886,522035.0
"Washington, DC (Hagerstown, MD)",2025-06-01,510663.2500521871,482457.0
"Washington, DC (Hagerstown, MD)",2025-07-01,557328.9985598132,480622.0
"Washington, DC (Hagerstown, MD)",2025-08-01,713537.6830190701,706980.0
"Washington, DC (Hagerstown, MD)",2025-09-01,492289.8751896732,497454.0
"Washington, DC (Hagerstown, MD)",2025-10-01,485742.68152299285,544461.0
"Washington, DC (Hagerstown, MD)",2025-11-01,713209.2168364534,730400.0
"Washington, DC (Hagerstown, MD)",2025-12-01,750246.062005179,747956.0
"Washington, DC (Hagerstown, MD)",2026-01-01,598883.6060546706,529457.0
"Washington, DC (Hagerstown, MD)",2026-02-01,482221.4953527942,433802.0
"Washington, DC (Hagerstown, MD)",2026-03-01,614441.8096526342,624089.0
"Washington, DC (Hagerstown, MD)",2026-04-01,617720.953546742,674316.0
"Washington, DC (Hagerstown, MD)",2026-05-01,763153.3142791712,884105.0
"Washington, DC (Hagerstown, MD)",2026-06-01,625540.6751385105,767918.0
"Washington, DC (Hagerstown, MD)",2026-07-01,602341.9315831014,717282.0
"West Palm Beach-Ft. Pierce, FL",2025-02-01,139461.08268665816,194459.0
"West Palm Beach-Ft. Pierce, FL",2025-03-01,320810.80008902523,276898.0
"West Palm Beach-Ft. Pierce, FL",2025-04-01,185601.00259984608,221467.0
"West Palm Beach-Ft. Pierce, FL",2025-05-01,304206.55728567886,266484.0
"West Palm Beach-Ft. Pierce, FL",2025-06-01,210511.74867601754,207582.0
"West Palm Beach-Ft. Pierce, FL",2025-07-01,228979.74882172933,215176.0
"West Palm Beach-Ft. Pierce, FL",2025-08-01,390346.5579813363,285069.0
"West Palm Beach-Ft. Pierce, FL",2025-09-01,196608.7485538071,217468.0
"West Palm Beach-Ft. Pierce, FL",2025-10-01,205192.05400815388,208729.0
"West Palm Beach-Ft. Pierce, FL",2025-11-01,392425.2166588831,336948.0
"West Palm Beach-Ft. Pierce, FL",2025-12-01,389228.68916487735,331588.0
"West Palm Beach-Ft. Pierce, FL",2026-01-01,307672.854159108,328916.0
"West Palm Beach-Ft. Pierce, FL",2026-02-01,164188.49501541065,250698.0
"West Palm Beach-Ft. Pierce, FL",2026-03-01,236918.43777121208,307439.0
"West Palm Beach-Ft. Pierce, FL",2026-04-01,253952.58086625364,291649.0
"West Palm Beach-Ft. Pierce, FL",2026-05-01,420705.19036013016,375326.0
"West Palm Beach-Ft. Pierce, FL",2026-06-01,282748.6762394463,285010.0
"West Palm Beach-Ft. Pierce, FL",2026-07-01,235822.55906242624,264475.0
